{"xgboost": {"formation_energy": 0.8825815433272294, "bulk_modulus": 0.7575133183828398, "shear_modulus": 0.6226249030494099}}